uuid,username,name,sex,address,mail,birthdate
bdd640fb-0667-4ad1-9c80-317fa3b1799d,garzaanthony,Charles Garcia,M,"908 Jennifer Squares
Robinsonshire, KY 01352",helenpeterson@gmail.com,1935-09-16
17be3111-1a2a-43ed-962b-0f79c37459ee,blairamanda,Ryan Munoz,M,"Unit 6184 Box 9593
DPO AP 09617",stanleykendra@gmail.com,2009-12-12
47294739-614f-43d7-99db-3ad0ddd1dfb2,elizabethmiles,Jacob Wood,M,"283 Steven Groves
Lake Mark, WI 07832",lydiatrujillo@yahoo.com,1941-10-15
9132b63e-f162-47e4-a9c3-49e03602f8ac,ithomas,Jonathan Wilkerson,M,"969 Cox Dam Suite 101
Lake Ernest, TX 55834",cruzcaitlin@yahoo.com,1972-02-10
f143262f-dc5c-4eed-8da0-365bf89897b9,kayla51,Ashley Dyer,F,"0482 Monica Hills
East Nathaniel, GA 71198",georgetracy@gmail.com,2018-07-04
ce88cb2d-d4e8-4839-bc3e-058be0f3eab0,millertodd,David Bradley,M,"78248 Brandt Plains
Lake Larry, TN 85681",samuel87@gmail.com,1939-06-28
969b6662-0562-4059-968c-c69b1064005c,perezrebecca,Adrienne Zimmerman,F,"347 Amber Stream
Sanchezfort, AS 53855",clintonhopkins@yahoo.com,1959-11-13
0dde29a6-baa4-471a-9d24-67ac778eedb3,wrightjames,Monica Mcbride,F,"47317 Brent Plains Apt. 132
Tuckerborough, VI 53066",martinaaron@yahoo.com,1941-06-30
490617f2-747b-4dba-88fe-3ccdc8b8d9c6,smoore,Nicholas Logan,M,"805 Brendan Neck
North Susan, CO 24857",larsonemma@gmail.com,1957-07-27
3f07f814-91d6-4f78-a3e9-de99f10c718b,sarah35,Jennifer Silva,F,"47510 Howell Port Apt. 183
Davidstad, FM 09517",mikemoore@hotmail.com,1992-05-05
ce9e1a11-fcbb-4e59-bbdd-cf7c9c96e9ec,mcmillandennis,Kristen Huynh,F,"824 Jacobs Stravenue
Jamesview, NY 64533",rebecca01@hotmail.com,1959-11-13
5563f616-00e8-4ece-8b49-452d46d483f3,hhoffman,Deborah Figueroa,F,"059 Russell Canyon
Michaelton, MH 47399",evelynestrada@yahoo.com,2001-03-23
f94d6204-6808-493f-9fed-2c43e256a6dc,nicolejohnson,Cynthia Martin,F,"3421 Brennan Walks Suite 337
Kevinbury, IN 03602",raymondramirez@gmail.com,2022-11-22
8268690b-a438-45b5-99e4-b6714774bc58,wilsontara,Ryan Rivera,M,"19655 Obrien Pass Apt. 693
Bradleychester, AL 68647",michaeljones@hotmail.com,2017-07-17
d9178793-a9d3-42e6-905c-c6869f871ce7,snguyen,Elizabeth Parker,F,"66299 Sullivan Village
West Justinchester, WY 76520",steven73@hotmail.com,1965-08-15
bc67f831-cbc8-4759-b5b7-8cc7e6b3c944,clarence34,Diane Beck,F,"00379 Stanley Roads
Lake Heather, NM 52884",dylanwatts@gmail.com,2001-01-10
f53d4330-cdda-44ba-ad06-e8cf3805f907,danderson,David Charles,M,"9868 Merritt Summit Suite 743
Katiehaven, NM 82650",joshuajones@yahoo.com,1937-12-07
8a476a87-e49d-481d-91d8-7c6455fa1ab8,calebrussell,Crystal Benson,F,"36690 Woods Knoll Suite 668
South Jeffrey, NE 64155",priceelizabeth@yahoo.com,1994-09-26
20ac3703-eb67-446a-b7a6-e17cd72b6108,dayderek,Leslie Alvarado,F,"6537 Rogers Light
Karenchester, KS 11236",ismith@gmail.com,2026-09-21
1190f938-a66f-47f7-b966-9fa759970043,howelljohn,Tiffany Gonzalez,F,"374 Jackson Rest
Port Loriport, CT 76350",hickmanbarbara@yahoo.com,1956-09-28
9793b9b4-1374-4146-b2c5-bd89b70b3420,hoganashlee,Patricia Jefferson,F,"518 Smith Manor Suite 165
Zimmermanchester, HI 96681",christina87@yahoo.com,1961-04-04
52828d80-44b5-41f7-97ac-6aa8bb2488a3,karenhudson,Angelica Keith,F,"75273 Salinas Junctions Suite 948
New Stacyland, IA 94882",wfreeman@gmail.com,1990-11-04
72bb912d-7da6-4785-b63b-4dc3a559e463,elizabeth57,Connie Holt,F,"8557 Parker Fort Apt. 351
East Javier, NJ 36742",tina34@gmail.com,1952-08-05
88bd13d1-b540-430e-839f-3a254d6168bd,danamullins,Valerie Tran,F,"477 Peterson Center
Shelleyfort, DE 09065",kvasquez@hotmail.com,1990-05-12
90164161-cfa7-41cd-a631-d00b26d794d3,yobrien,David Grant,M,"7496 Carroll Circle Apt. 334
East Johnside, CA 21018",ortizhannah@yahoo.com,1944-07-08
48603b32-b4fb-4eb9-89c1-3de73b4206c5,ronaldstephens,David Baker,M,"10249 Gonzales Mountain Suite 648
Kimton, FM 57127",cassandra01@gmail.com,2022-04-25
964db03f-9340-4fad-9c4a-d56bd6016237,cstone,Miss Debra Williams PhD,F,"PSC 2967, Box 1756
APO AA 42582",hodgemark@hotmail.com,1968-03-16
d045dd1c-6684-49e3-b1f8-343ea99f1318,ahancock,Emily Morris,F,"0385 Garrett Trace Apt. 348
West Samuel, UT 64033",johnsoncrystal@gmail.com,1993-01-24
8d605936-0380-4b70-8d03-c91e4f8d5238,pvalentine,Willie Durham,M,"484 Davenport Mountains Apt. 782
Leehaven, WA 18393",hillkristy@yahoo.com,1950-02-27
d20f87d0-4465-4d6b-81fb-18b3c9a7d91f,cgrimes,Elizabeth Matthews,F,"8867 Kane Square Apt. 963
Williamsfort, VT 50469",ymcneil@hotmail.com,2024-07-04
2051acef-097a-4e10-b6fe-bc0e7ecddbaf,jsmith,Shane Alexander,M,"74596 Melissa Walk
Finleyfort, VI 71413",williamsonjimmy@hotmail.com,2017-07-23
1723199d-bf2c-44a0-ba3c-8a71ff574e2b,heatherberger,Philip Padilla Jr.,M,"5562 Amanda Port
East Gregory, RI 50641",tyleraguilar@gmail.com,1964-03-23
aab612c9-415d-474a-b5a6-69814104a8b5,charleslandry,Julie Roberts,F,"Unit 4647 Box 4367
DPO AE 31592",karmstrong@yahoo.com,2025-11-19
d47d577b-fa5a-41ca-859d-d55d4b943e30,lozanojulie,Keith Jennings,M,"95339 Byrd Stravenue Apt. 104
Johnsonstad, VA 17725",browningmark@yahoo.com,1931-02-08
e05fb8bc-8a16-406c-8958-e75e21d53971,robin74,Thomas Rivas,M,"71236 Davis Locks Apt. 481
Richardsonview, OR 50442",daniel37@gmail.com,1982-08-07
ea4e3617-53f8-482b-8fb8-64e4f1738856,debra12,Madison Marshall,F,"7113 Paul Land
Matthewsberg, FM 54880",basschristina@yahoo.com,1914-07-12
71d79665-7181-4dcf-b79e-fc6e5edb0d3c,bruce43,Ariana Jennings,F,"Unit 7139 Box 0053
DPO AE 74501",caseyhubbard@gmail.com,1978-10-02
541c7a86-3ba5-4d2f-9ea4-5c19d0243d72,vanessafernandez,Linda Ramirez,F,"020 Tyler Freeway
Alfredview, AR 17115",vfox@gmail.com,1965-12-23
97fa7f04-8363-4007-9cae-9610c72c1fe3,stephen00,Connie Gilbert,F,"Unit 6617 Box 7115
DPO AP 19943",martinezclaudia@hotmail.com,1974-05-05
98eeac2b-fe9f-4caa-a182-f347533f5a72,farrelldebra,Larry Garcia,M,"7365 Ross Stream
West Ronaldview, MN 20507",fjones@gmail.com,1960-10-30
